Stage,CatBoost + Threshold Opt,Ensemble (Weighted),LightGBM + Focal Loss,XGBoost + SMOTE
ContinuedExtraction,0.8631578947368421,0.8791208791208791,0.8743169398907104,0.8736842105263158
LockIn,0.9565217391304348,0.967741935483871,0.961038961038961,0.9493670886075949
Recruitment,0.9571428571428572,0.9675599435825106,0.9656160458452722,0.9611510791366906
TriggerPayment,0.9942196531791907,0.9980682549903412,0.9987129987129987,0.9928802588996763
Trust,0.9060773480662984,0.9081081081081082,0.8863636363636364,0.8864864864864865
